1.327347625102330397e+00,2.993237814378529649e+00,-1.570318605054198180e+00,-3.932713178752003547e+00
4.765484379705592133e+00,3.025988120472025589e+00,3.449280517223280551e+00,7.347310136323561558e-01
1.296503168613448720e+00,1.028200429035407648e+00,6.971892216211701410e-01,1.950395259564859485e+00
4.132290756527671860e+00,4.059713470449645811e+00,1.301019304004106480e+00,-5.005391749028783449e-02
3.040820557789568834e+00,1.650698600214403955e+00,2.530716682933410233e+00,1.339814344497438359e-01
3.048230479342615151e-01,3.468693234434527817e-01,4.018043147937033766e-02,1.164195406937231558e+00
3.335340886646219527e+00,4.101301250719357583e+00,7.960631818325181186e-02,-6.182329284050027685e-01
1.158945644555541721e+00,1.128691338179797166e+00,3.765365069438111334e-01,1.093467136402758610e+00
2.545025400037151719e+00,1.919933061446045253e+00,1.484414600333788137e+00,1.996621796295920737e+00
4.755756078946426157e+00,3.775206394928601661e+00,2.553124402756755895e+00,-3.009440748062004456e+00
2.969190258010468986e-01,4.648379457054725439e-01,-1.102991535026141001e-01,1.520111927379205197e+00
-1.313370361441593026e+00,-9.851239552338704186e-01,-7.727058567680686885e-01,1.027200213139433105e+00
-2.923637584978470372e+00,-5.698229719780920632e-01,-3.630529327837294762e+00,5.159418675308637070e+00
2.823175361655949622e+00,3.298015480003419597e+00,2.715967564515997523e-01,-2.957823137548257542e+00
3.794506848209242111e+00,3.850262316012521779e+00,1.050603477182737500e+00,3.355401628152881344e+00
4.587460098438310929e+00,3.211593079127393668e+00,2.968912747971412802e+00,-1.416813533820925564e+00
2.610871538085556054e+00,1.256612432901147658e+00,2.362027485805576976e+00,-3.162381404064266821e+00
1.001097732596027079e+00,3.041060278276098927e+00,-2.106581592610385911e+00,-2.419389485682215124e+00
4.564709703825450049e+00,3.130762889852989339e+00,3.030581279502314374e+00,7.012601985471184074e-01
-5.857862858628583025e-01,9.369988989178663630e-01,-1.964667243563476884e+00,6.433956123920272496e-01
-2.778691460225736432e+00,1.633134641626754480e-01,-4.280201599505533139e+00,-1.166154877137876911e+00
1.923894841665227506e+00,1.669090346610555109e+00,8.658611164784246750e-01,1.508672778031855954e-01
-3.491802215075688665e+00,4.308141828392439976e-01,-5.644175216128134664e+00,-5.016660329100947058e-01
7.976346025782002358e-02,-6.995264040159510088e-02,1.996826448314641400e-01,6.639606611380290957e-01
5.115980807616294257e+00,2.850318062555328158e+00,4.171693740322647947e+00,-4.848480520545883188e+00
3.699016732247945249e+00,3.687358710399887496e+00,1.101860125122284373e+00,-2.743802285862712687e+00
3.668413429011093019e+00,3.186384608545762109e+00,1.646492808471241798e+00,-2.000662649211149446e+00
-3.799803074568515182e-01,2.498972005263317531e+00,-3.500359501136191209e+00,1.631474425078593526e+00
2.684455497042734784e+00,1.297399909825527331e+00,2.422275726458631429e+00,4.262329734388443925e-02
2.304834841809993762e+00,8.558715638041289875e-01,2.383469367920939774e+00,-3.873189185594362316e-01
5.906061113273941565e-01,5.669545718643205223e-01,2.015766915029320039e-01,-1.910245158698705925e+00
9.092697557143782916e-01,1.853024873710260589e+00,-8.433379070843913805e-01,-1.103716291784893500e+00
1.879260991476855658e+00,1.671076931056869164e+00,7.978580675453783577e-01,8.720489274490744736e-02
2.207241793909828331e+00,3.600152740158136133e+00,-9.901787700879340903e-01,2.393143003328982665e+00
4.581131487428925730e+00,2.156708994650339939e+00,4.201220507807524207e+00,3.528831105544503743e-01
1.207872392229193848e+00,3.552460042531533357e-01,1.358876624149522483e+00,-5.908028202780588600e-01
4.086859022398656727e-01,2.607589160931186534e+00,-2.467927364779991528e+00,2.393262973291302220e+00
-2.657879408742017668e-01,1.021835978278124113e+00,-1.593744228894432347e+00,-6.748914821904102891e-03
3.862070719975019717e+00,2.872874269735635977e+00,2.300406709688504137e+00,-2.107364838292708153e+00
-2.066904069147166734e+00,9.002767770303616857e-01,-4.100447891799172240e+00,1.667057923217849291e+00
4.830697871869475968e+00,3.157080076714826156e+00,3.390924159675754002e+00,9.694656345889495208e-01
9.143365621665167087e-01,2.573155693556584911e+00,-1.683491152468739482e+00,9.199442858782328480e-01
1.107593759019715129e+00,3.066144765066549205e+00,-1.979430786994724523e+00,-5.182084584289819773e+00
2.886645323198495650e-01,1.796159384849667306e+00,-1.689433354857279967e+00,4.012185776318245800e+00
4.947107338062624038e-01,2.573483066730151592e+00,-2.301225119968609789e+00,7.481131396951442580e-01
3.036831134582843372e+00,1.803023803152830284e+00,2.345557871017403873e+00,3.249356916939121209e+00
3.045099013804022814e+00,1.399498094558566885e+00,2.832678801048046147e+00,-3.742885300090975642e-01
-2.245522590801685592e+00,5.659707659286681292e-01,-3.969744944656672825e+00,-4.973822523670941576e-01
3.562466966983411698e+00,2.439082208238558813e+00,2.370214536144177320e+00,-3.125091713773085367e+00
-1.445671729320394894e+00,7.078023105261022074e-01,-2.959952036845098888e+00,-3.521525518311635405e+00
-3.941441011496182867e-03,2.165168104639501490e+00,-2.554242042512918420e+00,-9.758228162914053261e-01
-2.252766969205600045e+00,-2.939128193547739798e-01,-2.968303693561141543e+00,-1.569796626164480013e+00
1.356166167821360347e+00,2.634242703046033363e+00,-1.105377125260824211e+00,-1.571978921015898978e+00
1.043604072958079776e+00,2.455390859169643836e+00,-1.354702875218134039e+00,-1.102371432657066830e+00
2.082312592009283314e-01,2.898111115706845986e+00,-3.104783692519673899e+00,2.973349144042231051e-01
1.022022353936584249e+00,1.295967943350641471e+00,-2.179114683566263366e-02,-2.088984370749429886e-01
4.199584291513322465e-01,-4.215763704285317992e-01,1.114041251038702107e+00,4.843891334551613664e-02
-3.031560225108853590e+00,7.505127585854443062e-02,-4.548332938465100561e+00,4.815063589771365615e-01
4.772914454139149498e+00,2.870380753092225401e+00,3.643364344312167269e+00,2.453406319895910515e-01
-2.096804110129474541e+00,3.655106356350423802e-01,-3.515006713297801344e+00,3.214691152039985234e+00
2.913012109048498388e+00,1.956792512816929674e+00,1.982408105960779876e+00,6.461585462320581508e-01
4.028089000803008801e+00,2.037292770183868118e+00,3.528145961550076315e+00,-3.203931623794336936e+00
-5.509710276330440637e-01,1.155549261530187222e+00,-2.170685313189071763e+00,-2.029513461385733741e+00
2.067913213707288200e+00,2.488491176673061744e+00,1.132891373266846635e-01,-2.969795936899807032e+00
-3.985819278634949114e+00,-2.880281074890773674e-01,-5.524876531382066247e+00,-7.582554819749741659e-01
-4.131178833048961607e+00,-5.395287572571931811e-01,-5.442706840351321240e+00,-1.670694106519514666e+00
3.021938305058689878e+00,1.612075725031000051e+00,2.548397180093139980e+00,-2.135605843158386197e+00
3.785353170596646333e+00,4.583878303232769014e+00,1.736569261194178537e-01,3.084219905135751283e+00
3.887459270596001382e+00,2.410810251154247297e+00,2.881616060582794958e+00,4.125049838486289921e+00
2.658985385637765209e+00,3.855753701371582132e+00,-6.264259686567192897e-01,-6.453596776842714933e-01
-4.386044178938941496e-01,9.239426324513742017e-01,-1.732767519141975132e+00,2.472186350420874756e+00
6.497415148519718464e-01,2.643003714533559201e+00,-2.154972741634806788e+00,1.789848753888882538e+00
2.475401517828225817e+00,2.078072288565331771e+00,1.195851919495343640e+00,-2.434950167665670684e-01
2.271732816433104651e-01,5.265482614567775776e-01,-2.855424802044455035e-01,3.390102080861506106e+00
2.486761134606046753e+00,2.141566987682848033e+00,1.137829604789427851e+00,-1.906657216517424702e+00
6.486059023568668813e-01,2.459534791038532564e+00,-1.940697079883585641e+00,-3.111791292407254605e+00
5.239378506291474835e+00,4.186112825683668603e+00,2.780979528257531364e+00,-3.750344939291489155e+00
2.898463255485703716e+00,1.913509326203106431e+00,2.011949123528233407e+00,1.477620961775006014e+00
-4.959467408195339821e+00,-7.515966588366485013e-01,-6.411667473507184134e+00,4.314616426531006965e+00
2.064035657528303425e+00,4.008281784986656326e+00,-1.681237509260183671e+00,4.638659079963388443e+00
-2.320163795337574886e+00,7.375352269451487253e-01,-4.281490803729668393e+00,-1.313788557942791480e+00
3.381449197912400173e+00,1.938119409601005261e+00,2.693545900894435352e+00,-1.223538181810570835e+00
4.162977013297866513e+00,2.925620054518815571e+00,2.681013774968612928e+00,4.114990939423397442e+00
3.474435257799992627e+00,2.276512763696128427e+00,2.432050591634951076e+00,2.593989093122218481e+00
4.612306794725363090e+00,3.754703231016429221e+00,2.366216090727614851e+00,3.769172611869218148e+00
-2.066217185787443178e+00,2.671124719516131396e-01,-3.354191102684658699e+00,2.171791131663156182e+00
1.858461698563168785e+00,5.573658013981384052e-01,2.078117263053147035e+00,6.515926331643329128e-01
-1.826610348306254572e+00,1.659752437551224036e+00,-4.640847648690268556e+00,6.176660251979275706e-01
-6.291469481513666251e-01,1.157227659551406829e+00,-2.287672325074642465e+00,1.518310320605293695e+00
7.368751984079803918e+00,4.971994400546519977e+00,4.988691704865122922e+00,2.476566142867271392e+00
1.483583471178044011e+00,7.428491435302684298e-01,1.308283400404882224e+00,-4.345339092028072336e+00
-6.719109992288698763e-01,1.807906490092062057e+00,-3.116447479188167780e+00,-2.418962972155631330e-01
3.214696707327287850e+00,2.333917806939402873e+00,1.982359442203738720e+00,2.177497239408372032e+00
1.924315659210065643e+00,4.866456654098159085e-01,2.258239770359122822e+00,-1.215643974188864940e+00
-3.131284002895039276e+00,-6.595896909553777832e-02,-4.529073700448454254e+00,9.819499032765026669e-01
4.009678636519863559e+00,2.923536523506019336e+00,2.457935339247739215e+00,2.059921635162322406e+00
-6.726724527238716611e-01,2.071280970540289701e+00,-3.427564420563500303e+00,5.579883244476039339e-01
1.038820923721279987e+00,9.264939915180185892e-01,4.378004801048551720e-01,-5.842700966989214706e+00
2.419224248335490657e+00,2.254092764580097441e+00,9.060251739584235242e-01,-1.058105354692589595e+00
4.709549193773416853e-01,1.931749321834320465e+00,-1.580841752566863878e+00,-8.865645023830206473e-01
-1.323252415915671998e+00,1.531771524407179896e+00,-3.749677373487515730e+00,3.408324447509754052e-01
1.629394894469652799e+00,2.124898280043672205e+00,-1.038982648317352542e-01,3.421226745163850502e+00
-3.971965051533974389e-01,1.614752776293014724e+00,-2.484945165988000415e+00,2.346947714970649912e+00
-8.926631010076908623e-01,1.519915418849677291e+00,-3.102244517865441420e+00,3.256793246257076113e+00
-1.100243889125159136e+00,-8.630556365162282972e-01,-6.028333659906102149e-01,3.026899486484261992e+00
-5.420865691144709508e-01,-1.330533838736869257e-01,-6.409051354894272912e-01,-3.603960875160039379e+00
4.261651619394873691e+00,4.566639766399605449e+00,8.946717509287731573e-01,-1.506835740692366921e+00
3.704291900523504655e+00,2.445137517139512884e+00,2.571738518464712797e+00,1.681240053009106061e+00
3.191417155044304010e+00,4.602066985379506647e+00,-7.215432589346448822e-01,-3.705753177554165778e-01
1.891877240608293764e+00,3.391944554720328853e+00,-1.209074500103062277e+00,1.076592158099265895e+00
3.408609442095665187e+00,1.758437791471952671e+00,2.944992368827082707e+00,3.322518429095739911e+00
-4.152724663357063584e-01,2.296058635772010525e+00,-3.313448076187610614e+00,2.834338272798094804e-01
2.672627715998994624e+00,1.868670777500332392e+00,1.732478313990718277e+00,-2.508578846338498813e+00
1.550081366743910061e-01,2.237278682894041637e-01,-3.528572457633893933e-02,3.676367353590245024e+00
1.207298338753029610e+00,9.815863024853650476e-01,6.208178130075505674e-01,1.694843354300843208e+00
2.332526653453828480e+00,1.407033009242018018e+00,1.775481887923130442e+00,1.355750639061815255e+00
5.929532247772755227e-01,1.522422636082016112e+00,-9.195740821110327534e-01,-1.774984355604200204e+00
3.508653485937050398e+00,3.977203529638239310e+00,4.806471442178361642e-01,2.070523968676121415e-02
1.522938575489259705e+00,8.214317250272384907e-01,1.273689001335861271e+00,-1.686493190632383454e+00
-1.974087863057394143e+00,6.277441678107538170e-01,-3.643121778759243146e+00,1.116653825043444792e+00
2.728450121794855132e+00,2.724499712443250399e+00,8.072768918222172907e-01,4.112414259880644352e+00
-1.228999800481518356e+00,8.517187638780532311e-01,-2.810579175583706402e+00,2.730706621654748756e-01
3.970677610132490098e+00,2.843800266066766724e+00,2.494408551851447164e+00,2.824441110830858470e+00
-5.014351870239804221e+00,-1.649445972767290769e+00,-5.435627385744820295e+00,7.993759035052832029e-01
8.364697870572765925e-01,2.492953394714668924e+00,-1.703648238345806032e+00,-1.977793063822853303e-01
1.969228283604623542e+00,1.427017010730934565e+00,1.217480002981967679e+00,1.827169252466498861e+00
-2.231162540245754666e+00,3.861206836740027626e-01,-3.736931687432459182e+00,1.910610417141021422e+00
3.047801889246970486e+00,2.671931258088919403e+00,1.338977557666918727e+00,-1.598384013300507167e+00
4.223487094727165214e+00,3.334221704884212656e+00,2.289103702928630746e+00,-1.433644641205609860e+00
-1.230380412223484266e+00,1.501552171483839793e+00,-3.577476415932468345e+00,1.199857459992409003e+00
3.913647239888737417e+00,1.970012582359009556e+00,3.438970614651238655e+00,3.230751378938883533e+00
2.772382980283705223e+00,1.814939925738418447e+00,1.942479319356664069e+00,1.031878435408198902e+00
-3.109278200370552359e+00,-1.061020265260513629e+00,-3.325493223717793434e+00,4.123007153272795655e+00
3.542434337433968849e+00,2.815941932567222583e+00,1.897171805396352662e+00,-3.376434463800212504e-01
4.614178148108292632e+00,3.429838557963073242e+00,2.751341013111824552e+00,2.160096131429297017e+00
4.898668698605804117e+00,3.845623387289593076e+00,2.680493668513166838e+00,-1.878670787637508610e+00
1.849309724266864352e+00,1.809657134026141589e+00,5.906826149593373820e-01,-3.883921177546521830e-02
-6.939918300956958497e+00,-8.917097071205626335e-01,-9.160368132563409205e+00,3.211479620997291784e-01
3.917651481820333181e+00,2.619609930006321807e+00,2.680273355457059026e+00,1.722877660927495114e-01
-4.422919300489738248e-01,1.320482618549638332e+00,-2.204927540054096191e+00,1.355851742678538141e+00
2.810113259003224950e+00,2.368114085893391341e+00,1.346891312540001717e+00,4.767379654695702573e-01
4.582637684149367452e+00,3.531431763130427726e+00,2.585361942382951028e+00,2.152014277197196623e+00
2.117835751703362135e+00,2.998934216234809380e+00,-4.140664294661422495e-01,2.780415098034626720e+00
2.934837824523834016e+00,1.855067910639242701e+00,2.134249608338129711e+00,5.871158643332585747e-01
-4.018988245666916370e+00,-4.810150345308557007e-01,-5.346525100068854286e+00,2.579505508165491179e+00
3.788817729204152052e+00,1.996384097086750353e+00,3.224283121791736040e+00,-1.071926890228096063e+00
-2.434304313297055433e-01,1.641558779102293419e+00,-2.290277472478311260e+00,-1.410023711516817713e+00
5.683286938640407016e+00,5.310883203507929196e+00,2.110176640298969453e+00,1.346362702539916745e+00
-2.185248721645955072e+00,1.412387991273444277e+00,-4.877319667052741892e+00,-2.680343333458353738e-01
-7.582837748683932677e-01,2.109564218147914172e+00,-3.598574902968654676e+00,1.267553761864196993e+00
4.206968499033910014e+00,2.968320339866358015e+00,2.695474501482213014e+00,-6.381078713332363206e-01
1.979290913957284737e+00,1.062364621737271086e+00,1.661486724262912107e+00,-8.586044490345199343e-01
4.726430061546298411e-01,2.664906828405780637e+00,-2.441298385511188052e+00,3.278233610888134919e+00
-7.498633563607073338e-01,2.296741690517742462e+00,-3.806498274288727224e+00,-2.769119679675476342e-01
5.327020980026244246e+00,4.450376820272374800e+00,2.598874442660613404e+00,-6.446409384226797767e-01
-2.325126623322606445e-01,2.373986045425591662e+00,-3.136295997719319217e+00,5.651599009765992943e-01
-3.968762415538604760e-01,2.044448329043442314e+00,-2.990233717150405202e+00,1.325762537334825408e+00
-6.606200681944782716e-01,1.266748624546442770e+00,-2.462883442121958755e+00,-6.328168993896038375e-01
1.925767949104309817e+00,9.254610827096110270e-01,1.743882391623077011e+00,-2.019461409419875064e+00
4.105361881229793397e+00,3.312529427701476070e+00,2.140851478119760287e+00,-4.273458869687231376e-02
3.842740775161156197e+00,2.898694190121131165e+00,2.241578189239778585e+00,-2.713163609246810104e+00
-9.908592377032032772e-02,1.504234513964491704e+00,-1.916286276168744696e+00,-2.836731465866063395e+00
-1.293965193731104968e+00,-9.145718271877916195e-01,-8.271983765457249227e-01,-2.144278023971213809e+00
3.053173859321306249e+00,1.816814430437496686e+00,2.353369270982060613e+00,1.705547350244438931e+00
4.038366873374141797e+00,2.311001168344884338e+00,3.221106733585980653e+00,-8.072969264839934267e-01
2.735186552862975518e+00,2.094823523208483529e+00,1.558328127511761529e+00,2.527591590928236487e-01
6.700919953358053238e-01,2.048785665364012409e-01,7.446856450849175246e-01,-3.202655911332807914e-01
7.817268704877553542e-01,1.637898901427579323e+00,-7.777702165139253054e-01,1.392774894913430650e+00
-2.254946408473292863e+00,5.072312132201381996e-01,-3.914471601245076648e+00,-1.636397766844614354e+00
2.283886305168580044e+00,3.307154257115011653e+00,-5.325555495115170679e-01,-3.049396727610877988e-01
4.542767922033148498e-01,2.171816359953333997e+00,-1.887941822860011998e+00,1.158582999202176778e+00
3.228332012235079596e+00,3.585710870987475651e+00,5.290356459718408288e-01,-3.170591460539400330e-01
1.944999052047927002e+00,1.647825745036550993e+00,9.219382201970289792e-01,2.400827815888850747e+00
1.238921625749480171e+00,2.842448453811218467e+00,-1.522928004308999883e+00,1.082925456409576048e+00
-1.161488442632839124e+00,7.045713054834521483e-01,-2.538061933843631657e+00,1.720946976719490706e+00
-6.583774211967436951e-01,1.080226593336251151e+00,-2.240044159251883382e+00,-1.092488896504965501e+00
3.352298224262166393e+00,2.410205277186877382e+00,2.095005412839368475e+00,-1.755965173513122091e+00
-1.033110267024144546e+00,-7.477979482975025682e-01,-6.397276204426942670e-01,-3.517716248646732269e-01
1.407639346311930328e+00,1.501183346310071887e+00,3.039817163663567356e-01,3.802381371506014851e+00
-2.642741603040629883e+00,-1.621431919903080221e-01,-3.697125164954069287e+00,-2.375196838059025595e+00
-1.710765077688152225e+00,1.183696746469191874e+00,-3.910090961558756018e+00,-1.107176483415989177e+00
2.029513059399151942e+00,1.711058990679916736e+00,9.718475305765388317e-01,-3.027428785225654284e+00
3.036447565917502978e+00,1.265647834480176925e+00,2.977495156266441789e+00,1.026211596352165412e+00
-4.392476570600749586e-01,2.035803625367006653e+00,-3.042395073086127333e+00,1.289488296202404849e-01
-8.647191949710664183e-01,-5.187891011440388667e-01,-6.615403370863259802e-01,2.265408210755289198e-01
-2.491149481167881152e+00,4.314197485204391835e-01,-4.172739302534870909e+00,-4.180465145720505538e-01
-3.155959598527849241e+00,1.022731799892464100e+00,-5.846785590163630530e+00,6.148133956182014748e-01
4.970404063458410349e+00,3.933012886374916306e+00,2.683170825466104858e+00,1.616115596562290202e+00
-4.988498935934422840e-01,-1.450559281719772109e-01,-5.631686212214286336e-01,-1.810665646083215452e-01
1.249637730910954314e+00,1.861089348671997268e+00,-3.520845348197561009e-01,5.116398571336504553e+00
7.149619775465316351e+00,4.063552425969400694e+00,5.735560176350075423e+00,2.680900892046289119e+00
8.547120123160310001e-01,1.302624162286168730e+00,-2.757706719266304063e-01,-1.204424120723561087e+00
3.354930239103500522e+00,2.018224976036787854e+00,2.560245763722229118e+00,-2.952051725973373619e-01
4.145265559531420507e+00,2.783193445019917611e+00,2.822595678814797004e+00,3.544503193339488156e+00
5.176807639384708004e+00,3.875501326136360447e+00,3.054521552532440953e+00,3.746595552435091125e+00
2.531153654016687682e+00,1.375798738981484082e+00,2.104462944857266038e+00,-1.503582100190368642e+00
4.140775178938040924e+00,1.991015130196839955e+00,3.748398207178555097e+00,-1.504312811181166332e+00
-2.851374574660501704e+00,3.847009416379887359e-01,-4.647709363363089707e+00,1.636587170951300241e-01
2.496147637728369784e-01,-2.506868398573631751e-01,6.622934493051366722e-01,-6.184181540997268911e-01
3.122556375901116787e+00,2.010463472719441924e+00,2.227515470958450372e+00,-1.998604464589821550e+00
2.422967675299966039e+00,3.528095570149571980e+00,-5.879927202135841746e-01,2.455337984946584395e+00
5.537470876183400392e+00,3.945263403178445039e+00,3.503013843830498963e+00,1.002188339879690471e+00
1.791910154197414062e+00,3.481712007016202648e+00,-1.461802889972151576e+00,1.059385508713461599e+00
-1.055250623438234392e+00,1.017126290119278353e+00,-2.749649163645250027e+00,-3.950933132707742601e+00
3.735580967652076811e+00,3.447280526988358851e+00,1.438229525009206533e+00,1.506683242209065021e+00
1.639498081396691287e+00,2.954076449719339692e+00,-1.064992820370709969e+00,-1.769605428053801832e+00
3.366181958364771631e+00,2.152569041276974016e+00,2.418673679607673321e+00,-2.358079582319605016e+00
7.683331177996298722e-01,2.105856223146969075e+00,-1.348269488304385311e+00,-5.536265997778413439e-01
-1.660241302772945460e+00,6.160986173105460484e-01,-3.167687334578428437e+00,2.942340654987217086e+00
9.488427916592760969e-01,1.165601705359258000e+00,2.399143693325078708e-02,-7.336488236293751131e-01
3.473238369226929745e-01,2.074332278596100920e+00,-1.930549177130890470e+00,2.656388283698115860e+00
3.545625771268550608e+00,1.792782151239647348e+00,3.106145245188952408e+00,-2.239234866578022398e+00
2.572201458775527971e+00,1.151360997295218569e+00,2.429019426830186568e+00,-4.573612459776424388e-02
6.486298037247565373e-01,1.800351957688508087e+00,-1.164791366739230449e+00,-1.866535918146392081e+00
-1.223979204873018034e-01,2.390835900543675230e+00,-2.994129064203244095e+00,1.992095371611632748e+00
2.596719194012514720e+00,2.305701369348974517e+00,1.106409380663355702e+00,-2.135065828508545760e+00
4.667688991663160536e+00,2.924182809237349634e+00,3.425231838030700970e+00,3.042632103844902680e+00
2.715928872285247930e+00,1.696859844953012342e+00,1.998407159823671009e+00,4.341885434995627513e+00
-1.432883098180843251e-01,-6.465709817529994297e-01,5.502220674521587362e-01,2.442067391050705805e+00
2.405118165722659018e+00,3.383696825563369703e+00,-4.442926825113717726e-01,1.838152965975537123e+00
1.786314559652979472e+00,1.022994487621871951e+00,1.423921539719454898e+00,-1.653760708079720088e+00
4.618275083349406174e+00,3.253726293985043760e+00,2.964655812161405279e+00,1.345147402405462600e+00
2.945805787309228485e+00,2.416395394559611720e+00,1.489692578377640686e+00,9.783742602953270362e-01
2.761821951825223387e+00,2.353387475430916531e+00,1.293179199037351790e+00,-3.606279352511890135e+00
2.617620116041978306e+00,2.122610685356027815e+00,1.352659740986045023e+00,9.328599648670526934e-01
7.551668429069007260e-01,3.484802425749434995e+00,-2.990685084610535949e+00,-1.302713787583658078e+00
4.027545109942492374e+00,4.510582619884055511e+00,6.162372863690634972e-01,-1.298555090132014200e+00
-1.256270398168136404e-01,2.538337090731024315e-01,-4.835880744563136879e-01,-4.839121278183233094e-02
3.239589644074443164e+00,2.140276689558390455e+00,2.246900866038240796e+00,2.635195071215919338e+00
3.247245922778725813e+00,2.193803332667038308e+00,2.195162832137728337e+00,-1.662111452573895309e-01
5.551616007550674858e-01,2.032719215926901857e+00,-1.575801319100821996e+00,-1.161046899609445404e+00
1.815151482257146842e-01,2.662151103958283915e+00,-2.866358768217946551e+00,-7.299054590857706470e-01
4.033197337750991984e+00,2.922524954448535439e+00,2.493726414980305783e+00,3.809993595581327996e-01
-1.520894577862366703e-02,-2.986795264566151076e-01,3.291761763850318268e-01,3.799763869790431237e+00
3.782696124899227463e-01,2.813455253539224543e+00,-2.754983706348956840e+00,-4.305781185904965724e+00
2.607427299132165643e+00,1.791364580009494611e+00,1.727547061621090396e+00,1.473687794184866728e+00
-5.182563811466202042e-01,8.904684533702564853e-01,-1.810550825844347234e+00,2.955060162110523692e+00
2.252521218511561063e+00,2.135691923685552496e+00,8.001336222553718791e-01,-7.128296459496713533e-02
3.823011464511180346e+00,2.516552351932542120e+00,2.662340762566191898e+00,1.971459991359725938e+00
1.970797755093288472e+00,3.195124502520815035e+00,-8.613066657725469977e-01,-2.391766124070368704e+00
-8.221025753701123595e-02,7.112525679093684161e-02,-2.046625360280547312e-01,-3.739426059708920169e-01
3.466666293933005516e+00,4.390023425432907800e+00,-6.702067953449031279e-02,-2.447880533524513069e+00
3.529065015637325331e+00,1.631380106964714694e+00,3.271754485144530822e+00,-5.406464585998474348e+00
3.998226523462474979e+00,3.206838623404183686e+00,2.107635242146478127e+00,-2.915102998929861133e+00
1.421737912962662609e+00,1.001490711081979512e+00,9.128709610752294701e-01,2.985377137919043466e+00
3.963750403305310144e+00,2.578861712716604693e+00,2.796054968614274827e+00,-3.168271886010979532e+00
1.605489093280431323e+00,8.744199015437124078e-01,1.332768287070768443e+00,6.769676869233822725e-01
-2.793840742633863172e+00,1.179373448212290842e+00,-5.498410692718143977e+00,3.387216480721559897e-01
1.552263243491236899e+00,1.263989225400826477e+00,7.959326395139156851e-01,3.877857998116569505e+00
9.295497870111908423e-01,2.926477626446650326e+00,-2.076976170060792271e+00,3.339809008702812498e+00
3.047786337047272198e+00,1.410097096650683390e+00,2.824157135663559970e+00,8.731196083153356380e-01
8.376970350794434861e-01,2.555401663934512513e+00,-1.775345508636663627e+00,1.520107828248229986e-01
-2.324377590322946219e+00,9.980726422233539008e-01,-4.594347510914174038e+00,2.437523703394633312e+00
5.062705857788428077e+00,2.927733156762440725e+00,4.002197236275512715e+00,2.375358776923127468e+00
-2.992935217860992481e-02,1.513344166588638684e+00,-1.825266163437039513e+00,-3.051312629140189525e+00
-1.901694069018482036e+00,1.059292425062816179e+00,-4.044557257269679518e+00,8.390648878140555267e-01
1.703871332174615949e+00,1.025778260647765006e+00,1.299355468316990114e+00,4.263932564753782906e-01
1.742686692139289617e+00,3.437387391661488323e+00,-1.482048972398759545e+00,-1.765640967025096375e-01
-1.790656599599260712e+00,8.994468921279274998e-01,-3.693059034177502475e+00,-2.593663895911693107e+00
2.849491003416363633e+00,2.161552329336356770e+00,1.647950451594791588e+00,2.214161338573945592e+00
2.032243706491365209e+00,4.278027984057381161e+00,-2.045505790324332551e+00,-1.513590177138921522e+00
2.587235549850673610e+00,2.865642372905466750e+00,4.333960975597350718e-01,1.865181663746179774e+00
3.326979464841464562e+00,2.244942799255173149e+00,2.252273782146318126e+00,2.219399683912446353e+00
3.997699885116016372e+00,2.710393491628261486e+00,2.691185682760447229e+00,4.011383944618857056e-01
3.272362165889536323e-01,3.666948263693639021e-01,4.981943626265805669e-02,1.838457869150406987e+00
3.279929625833460705e+00,2.142250583189473812e+00,2.303925268700368623e+00,-4.921249762598971511e-01
-4.499325944740855121e-01,1.222631180920580984e+00,-2.100995420689928839e+00,-7.992723712292046923e-01
-5.704220949981582134e-01,1.490251126184951147e+00,-2.593251865419390345e+00,-1.114983570015667169e+00
2.307510674124218397e+00,1.309838514910474316e+00,1.853078411305880913e+00,2.171964232350064528e+00
-2.245833131685435746e-01,4.656108916218639759e-01,-8.784371071985812574e-01,8.738763394926997163e-01
3.365091909417286420e+00,2.833950391114132827e+00,1.615071392565715636e+00,2.817724938224078768e-01
1.986276162712882432e+00,1.011230920700180835e+00,1.731948665577092372e+00,1.342680152900931345e+00
2.840446507285272038e+00,3.535765671382255171e+00,1.716943389441683010e-02,3.061501664687394708e+00
-3.916575934679161541e+00,-4.931729745841919588e-01,-5.181547174735333883e+00,3.404429889270475851e+00
4.301959446597779291e+00,3.821280286882802635e+00,1.831274235433783648e+00,-1.436814531138394857e+00
2.554368992089486756e+00,3.370866839870276799e+00,-2.096154672451358003e-01,-7.763536370824575261e-01
3.262415809060721372e+00,2.371736797357069992e+00,2.008049569683494795e+00,-3.609598271812513026e-01
1.323462504163994691e+00,9.847852290652996388e-01,7.879519869318227787e-01,6.383490208383608699e-01
2.628095392821055754e+00,1.823217750998237241e+00,1.720461941649232385e+00,-2.339833671420576078e+00
-5.333222992232735660e-01,3.791315330792324190e-01,-1.230862490445747248e+00,1.899108270882647442e+00
-2.033815818743429205e+00,5.081129167238451760e-01,-3.590184628454035298e+00,1.177156808841219204e+00
3.001881782408192478e+00,2.555447757218642035e+00,1.408523693763334972e+00,-2.691959360493497044e+00
-1.211464405742424422e+00,2.156524754647859865e+00,-4.320562413327833085e+00,8.892053364402814353e-01
-1.013367744800660830e+00,5.608548894721547828e-01,-2.150991568895125106e+00,-1.287036460760285994e+00
1.323186470324615005e+00,2.775298742606078228e+00,-1.319922075369280412e+00,-7.306431026242173887e-01
4.505484439811172415e+00,4.064045579061083657e+00,1.844958541760160387e+00,3.693606117298168234e-01
-4.591311556517727599e-01,1.436210970302134626e+00,-2.365915652185806461e+00,-2.733757396830842179e+00
3.239830307278601218e+00,2.487914378466087761e+00,1.838078851429145955e+00,-2.124787056293759413e+00
3.742207822464350020e+00,2.415391974893528193e+00,2.662531043022678734e+00,2.323756605216380944e+00
-3.545249334689639209e+00,-9.267796702985817703e-01,-4.124892587373992114e+00,-2.940040032569772310e-01
1.391247043335792410e+00,3.006468577248839313e+00,-1.491883379261913056e+00,1.984084699073045632e+00
3.951224400793076352e+00,3.204969988437925910e+00,2.040685683761688018e+00,1.233596996959433062e-01
3.917914766037744911e+00,2.454121484897488603e+00,2.875443697734696435e+00,-2.652674927651471060e-01
-1.791153445368260932e+00,9.869212135335052594e-01,-3.796748903700837285e+00,-2.448596472578731476e+00
5.555121979178767599e-01,2.753690143049614125e+00,-2.423881818805180721e+00,9.730032876524038477e-01
5.001420644217163591e+00,3.153925790016934627e+00,3.645802173324742768e+00,-4.073475003539317463e-01
1.443569381603488466e+00,8.212444313581497290e-01,1.157142413624116184e+00,3.224556515977290871e+00
1.979455088394105111e+00,2.636317085025321028e+00,-1.908432936472090891e-01,-1.943228077021303069e+00
-1.866975890046416620e+00,8.029065144547775645e-01,-3.691709253595278017e+00,-4.268857418604160014e-01
6.750459971771010093e-01,1.771339004525354088e-01,7.846299070254258989e-01,3.369219525392285752e-01
2.249549213743975429e+00,1.431243702408500962e+00,1.624910003088444910e+00,-9.654870443640648503e-01
1.974034895086418828e+00,1.695875581274648880e+00,9.080998572771843413e-01,-2.694252579059392971e+00
5.500487536689099954e+00,5.810054566674944354e+00,1.253710233781614836e+00,-2.827428993809960378e+00
2.636493196358609126e+00,2.053708487234215951e+00,1.461524776069197173e+00,-2.031643637956793924e+00
-2.102653533612661718e+00,2.198332744308820974e+00,-5.680878291136347791e+00,6.816693651845213975e-02
5.481401196815281374e+00,4.003371858192346977e+00,3.352130042344388716e+00,-1.807403721460256296e+00
1.774508222965838433e+00,1.384970831419433779e+00,9.804992532911507297e-01,-4.725864871083676810e+00
2.691470121963367212e+00,1.633020340927811009e+00,2.037564023294588633e+00,-1.692713309981747072e+00
1.343034287748565259e+00,3.038263192847806771e+00,-1.600236283585336317e+00,-2.130227326150745171e+00
3.845546265299644606e+00,2.228755340190493150e+00,3.034236176577085331e+00,-5.422472020851375474e-01
2.213109047321649925e+00,2.583086281277606311e+00,2.155593496513281693e-01,3.056936852825063333e+00
2.643428077092917050e+00,1.394456649967115380e+00,2.247679060663919870e+00,2.464096135689713418e-01
-1.252823117823275823e+00,7.157863354173823467e-01,-2.685632747217637117e+00,2.937638945839418647e-02
1.788554980044088083e+00,2.712677294111819126e+00,-5.615707123157740455e-01,1.172728037510186505e+00
-4.099818678026405649e-01,2.306214737658830227e+00,-3.317618531369844082e+00,-1.336180907286097508e+00
-1.322410158875529929e+00,1.379959198935706510e+00,-3.569752302260840615e+00,-1.211429846006676803e+00
-8.026199543243635048e-01,1.021284782155341020e+00,-2.382876481575802341e+00,-3.672410746206593135e+00
2.087441503758651784e+00,1.662031805889775615e+00,1.114777100260331277e+00,2.297274698857430408e+00
4.856434379739216212e-02,1.795945383509427673e+00,-2.042414078949130740e+00,4.493694515037718329e-01
6.446144116073854846e+00,3.794263987816011152e+00,5.017572498693425587e+00,1.768090792722099458e+00
-2.513421992895019663e-01,1.575857817617654533e+00,-2.224585910493701135e+00,-1.539946462117283588e+00
5.995140716013951376e+00,4.575740618889978961e+00,3.434248894871015700e+00,-1.620504874028761977e+00
5.939153948217510859e+00,3.516345289606172209e+00,4.598809971100294547e+00,-3.733073234146119912e+00
-4.251190982932022244e+00,-6.722333827644670912e-01,-5.463071489395997737e+00,-1.511490318985689418e+00
-1.998719597155005356e+00,3.689965886733956868e-01,-3.374808949495609056e+00,-2.596413994668523295e-01
3.358878522949946710e+00,4.883071288966371881e+00,-8.059233722761320884e-01,-3.458921198468459801e-01
2.885610951171136307e+00,1.546407320951693087e+00,2.425126903418425961e+00,-1.918878473446959498e+00
1.997429707126306742e+00,9.250993582950801652e-01,1.849736093817635485e+00,-7.063325856213766851e-01
-5.217267571763342104e-01,4.157609769940258104e-01,-1.256916805735448728e+00,2.182620241188538035e+00
-1.715448440074854863e+00,1.347256106206512705e+00,-4.109493501844519336e+00,9.117755441632152680e-01
1.684073354520175370e+00,2.707460597332583596e+00,-7.091427159521357382e-01,-9.064560986545503463e-01
2.841012152841737581e+00,1.526033925338859953e+00,2.383493537989413102e+00,-8.527151924110866199e-01
3.422243960496904602e-01,2.399263364869168580e+00,-2.320501393928385170e+00,1.768137725836947116e-01
4.775795977496674616e-01,-4.388625677388846569e-02,7.542645020821916457e-01,1.269442937123539838e+00
2.146626511972953288e+00,3.442411663180465098e+00,-8.936910644982321017e-01,-3.342434275728229931e-01
-2.484889874796830433e+00,7.270982127579950216e-01,-4.511549336595928494e+00,-2.184625529345157968e+00
2.020870402106625274e+00,1.184397023761216694e+00,1.579023559723991221e+00,5.665757430922843119e-01
2.785411950563099648e+00,1.902255043194412742e+00,1.858875859282669074e+00,-1.503938663477638160e+00
5.307424637039759308e-01,-1.918650094892764280e-01,1.006650858255679237e+00,-6.063595656685508706e-01
5.769579286168648125e+00,3.984980310138629189e+00,3.797741495886796770e+00,-1.592051713606978058e+00
-3.785564745190487024e+00,-1.017251375272917535e+00,-4.371954934687993344e+00,4.675718235814954049e-01
4.814997925517321420e-01,-3.118822068338422682e-02,7.450860206528564511e-01,3.791632331974867931e-01
4.113117360395770916e+00,4.365659661050161233e+00,9.127072257871695626e-01,2.145014674619604378e+00
-5.247414384227255812e-01,2.040315562942406125e+00,-3.173483165984673171e+00,3.652019427093872395e+00
3.021129730330395891e+00,1.956596996610552308e+00,2.141699620434050821e+00,-8.946437913175023793e-01
3.077821787616750626e+00,2.095718685827387073e+00,2.061355480694032849e+00,1.022405199049961411e+00
7.106860677805577620e-01,1.922503998110957513e+00,-1.217270153117337328e+00,3.453927702466810246e+00
2.396592150680717737e+00,2.069607210822654864e+00,1.089872049379190688e+00,-1.606357901360689677e+00
4.031671581755883693e+00,2.077128311583705589e+00,3.486529434168838648e+00,1.807869682172390524e+00
3.001556036325138344e+00,1.825995715491459670e+00,2.266623184936074065e+00,1.017450046459867696e+00
8.225960380153075624e-01,2.080420789732947640e+00,-1.238500528695212877e+00,-3.499195133908172828e-01
-2.768527586615004754e+00,-2.028109176956283122e-02,-4.049154393348483261e+00,6.092040306828938948e-03
4.086669113855609936e+00,4.430777393024468047e+00,7.971520817570216799e-01,1.444762715655542706e+00
-3.133782361051387966e+00,6.382727668600232107e-01,-5.361643208375297398e+00,-1.226805327081879504e+00
3.839006321055643767e+00,2.429991654791405775e+00,2.787755772591189007e+00,-2.003081529599055610e-01
4.709048513139416414e+00,4.040660901397115090e+00,2.171963845175070240e+00,5.203366228360789769e+00
-3.935185706380079917e-01,1.548857327122901140e+00,-2.401974052729199283e+00,3.123022393453705359e+00
4.843516947311190535e-01,1.990270247893945132e+00,-1.630012799133998325e+00,-1.841347186158732496e+00
3.894232550465910769e+00,2.509533249113229392e+00,2.775382012295246170e+00,-7.835162980876437810e-01
3.902985972177536844e+00,2.855375247327237798e+00,2.381197430696967210e+00,-5.744524426563298647e+00
-1.116467028312796650e+00,1.157752695182068692e+00,-3.005229941715755970e+00,-1.153020801453438882e+00
3.790185346473881722e+00,2.192144088099017285e+00,2.995881965933547164e+00,1.159266346427151317e+00
1.236707230150896120e+00,2.102795753716728555e+00,-6.556007062733206769e-01,5.985851608129838519e-01
1.302745025551869551e+00,-4.609174935691706665e-02,1.970834198147116245e+00,2.300521582948343302e-01
2.223227723190775329e+00,3.280450455856324332e+00,-5.903648759546253899e-01,2.416732461186284819e+00
3.087937502795559563e+00,3.388826338126594173e+00,5.542256602270545507e-01,-2.623672464700319118e+00
-1.536514301944142069e+00,1.211092771097132204e+00,-3.685980879330544635e+00,-2.419282037382410877e+00
2.272126848892827233e+00,2.285867629786255240e+00,6.522175770974270037e-01,-1.057233363499513690e+00
3.675900500138613580e+00,2.610491790590637073e+00,2.335344341052052908e+00,-3.126381617393314105e+00
-7.091916100174269211e-01,1.158478457479154677e+00,-2.406905314194085932e+00,1.868639822478547430e+00
1.582349018686298070e+00,8.760554327982448264e-01,1.296799827246692294e+00,-1.291928358249070596e+00
2.527462663441494506e+00,3.219329425901391595e+00,-7.083736886895497520e-02,-3.227122795753482265e+00
-3.139353168224607860e-01,2.311241044101402853e+00,-3.182232018402168183e+00,-5.107842269803909652e+00
1.871800843015462235e+00,1.266069943568811418e+00,1.263583599011275371e+00,-1.653613716853984950e-01
-3.616601031669733679e+00,4.347738257635909154e-01,-5.832438359026318686e+00,-1.346981248487737037e+00
-1.650830427708651849e+00,1.186696364832399819e+00,-3.825446407911590185e+00,7.866356787887437418e-01
1.538341837046196314e+00,5.159172534935274612e-01,1.655946359937300105e+00,-2.283378228267010090e+00
1.751952049432845993e+00,1.143414453307951550e+00,1.231631257324692141e+00,2.747317090325915423e+00
-3.400998079543201769e+00,6.994067010668925111e-01,-5.826723655074264485e+00,3.691026063940739399e-01
-6.387519293768262330e-02,1.539918643814240706e+00,-1.906485547724564134e+00,-1.607349135939461604e+00
-1.246305491760089534e+00,-7.216440966998960427e-01,-9.841615315280090037e-01,5.179127284037227774e+00
3.871349476629010855e+00,2.485602048119297081e+00,2.769884172045617543e+00,-5.626551142364267788e-01
-1.423593016049881532e+00,1.137047170090965009e+00,-3.432699335331823143e+00,-3.521617623961551757e+00
9.780644725312333254e-02,-1.451014186490100499e-01,3.146787981506720122e-01,-5.190933551678343916e-01
3.133084031677022985e+00,1.590841695592710714e+00,2.736906332347290860e+00,-9.498073132450488565e-01
1.392423820135330725e+00,1.102918502225384456e+00,7.503619970939106043e-01,-5.047070042525751976e-01
-2.221269171514716145e+00,8.021565270362822631e-01,-4.212058663583404972e+00,3.667198395583112780e-01
3.532645713783816532e+00,2.525880694259046599e+00,2.224178410038359921e+00,2.002092185134282332e+00
1.877975425126241049e+00,1.286380176270990550e+00,1.248762047912084006e+00,8.074601806732188969e-01
3.842653243458501677e+00,2.094256320539853000e+00,3.188287863463544092e+00,2.296891418393509632e+00
3.652601116471664966e+00,2.584263080082115138e+00,2.331938242377714854e+00,-1.336288171077987919e+00
4.569422682720094997e+00,3.908267824847547089e+00,2.122377078250211824e+00,1.648795058690065707e-01
5.495168941945851593e+00,5.249164610785500784e+00,1.906063569674019575e+00,-1.214182307978664728e-02
1.101334252988976248e+00,1.093660244755328081e+00,3.330115505842456969e-01,1.484254982143784485e+00
-1.031978671812185944e+00,7.012642553814252278e-01,-2.343636203806086726e+00,7.893430596459621862e-01
1.661697575055957721e+00,9.434847168449675969e-01,1.334170970312511972e+00,3.591635638791959018e-01
1.252717826726753358e+00,1.881208447482436874e+00,-3.712336900289852082e-01,2.629828907168094698e+00
2.782911612041414351e+00,3.413783818004417991e+00,7.609969219453827094e-02,3.620431174074139058e-01
3.387283559144592893e+00,2.703508756939426050e+00,1.801251738058518459e+00,-3.189406134533590897e+00
1.247901726342948603e+00,2.521553772789834724e+00,-1.132017530653759874e+00,8.380380187320903840e-01
5.555149986581279009e+00,3.577287080728058122e+00,3.962138174037780569e+00,-1.494423358295646764e+00
2.432998656210607180e+00,1.479698385814990136e+00,1.837766620842775422e+00,-1.484941171396096493e+00
1.900020170848732093e+00,5.260712188777005860e-01,2.176091914792483095e+00,9.047435924994677858e-01
1.806603761738708069e+00,1.055735988395674507e+00,1.415233418016559774e+00,-2.407623279071964828e-01
-8.132917638328420740e-01,9.847746661723353334e-01,-2.355603632920416413e+00,1.140262497941690045e-01
-1.683071020057131939e-01,2.022070614306318959e+00,-2.627626465079534679e+00,2.381292549572682660e+00
7.437686784744398594e+00,5.125652489493344177e+00,4.909249332003482458e+00,6.463354283695629254e-01
5.596971781469763929e-01,2.633898897145174889e-01,5.134051486492878791e-01,6.386215135689721656e+00
-1.048524143399411912e-01,1.499355741629346817e+00,-1.919027463615210927e+00,1.185053898402366190e+00
2.164473080861718302e+00,1.366286421774746573e+00,1.576202921655686318e+00,-2.048373648658409873e+00
9.418260345578813864e-01,9.010541364565876066e-01,3.250459123503117720e-01,-2.013085130559282288e+00
1.258327543240418844e+00,6.464064100750235298e-01,1.090404401300231640e+00,-3.230263631811018943e+00
-5.112757065167902182e-01,-3.557550785226615275e-01,-3.334524837842387512e-01,3.279929058742785841e+00
2.220203170207822652e+00,1.671856404691435483e+00,1.298530784481049416e+00,2.434317041650992941e+00
-1.455854880632174719e+00,1.321938335780728835e+00,-3.697782983040886595e+00,-6.104494087093352839e-01
2.281790844627646919e+00,2.837905771403390620e+00,1.667589596106289207e-02,7.836080108050930138e-01
1.448062137039237252e+00,1.804194944991533767e+00,6.800925511983635374e-03,6.617604644289141191e-01
1.746534276915846506e+00,2.563510938226655878e+00,-4.478194858687838398e-01,4.421046003182702577e+00
3.364829755527585675e+00,2.852751125724149794e+00,1.592556897796279625e+00,1.469755572099634922e+00
2.871549282553356730e-01,-2.011251049811058067e-02,4.461317958754416058e-01,-2.640045022441411593e+00
3.007039568274851860e+00,1.595983558630818644e+00,2.545419113105988451e+00,2.374772103129502376e+00
-6.500716614395858350e-01,1.295011589244922767e+00,-2.480630787838728590e+00,-3.403692450498568833e-01
6.659389880466887179e-01,1.911631347165273720e+00,-1.270304222968750230e+00,-1.946137881763110977e+00
4.619154606444840994e+00,2.805066705361435986e+00,3.494030501229654639e+00,-1.213216276292415491e-01
-1.061926215361869819e+00,9.901309313537192125e-01,-2.727696173687587766e+00,-4.186473543037322331e-01
1.673844955349879982e+00,2.668555453855854687e+00,-6.783985349096743889e-01,1.913404633589168125e+00
2.726781625987941382e+00,2.096006065676002006e+00,1.544571022099974877e+00,-4.778641983393886461e-01
2.081432019602527106e+00,1.601959162253568714e+00,1.176642644477097654e+00,-8.709727411396867014e-01
-6.139462880459523042e-01,1.545001268929411253e+00,-2.721726096709399911e+00,-1.385810395591814626e+00
2.891412283018091056e+00,2.808233270788802471e+00,9.484689624234965422e-01,5.371845577265138560e-01
5.985522607999951283e+00,5.746851957672670430e+00,2.041678850557144820e+00,1.556722152333275488e+00
3.578773086276699544e+00,2.003178893848549968e+00,2.907270280440134691e+00,-4.529577838030535153e-01
-8.091164402871970918e-01,1.877007265763694699e+00,-3.399635438013532074e+00,-1.823799328840708736e-02
-2.401891740380271312e+00,1.120210408647226430e-01,-3.665486086045144365e+00,1.296560867687718055e+00
1.900091492453470199e+00,1.842607635436320113e+00,6.266088045510396221e-01,1.238308522010395540e+00
-1.867713184704249851e+00,1.630392897930354801e+00,-4.666760935622448869e+00,2.670818095645646206e-01
1.506374630181753993e+00,2.839496732546756608e+00,-1.125980020417311378e+00,4.330004689802168016e+00
-1.891551550349659383e+00,4.515578676492315591e-01,-3.314320736975909121e+00,2.603482578797596148e+00
-2.520345916718574664e+00,1.222297699966451878e+00,-5.146570931342559163e+00,-4.425072471715439937e-01
2.490455963424960562e+00,1.551705813041717619e+00,1.837543052171459301e+00,-1.592827824914302970e-01
3.985014755835250888e+00,2.915432717301464915e+00,2.431188456339115955e+00,-6.695506642130817365e-01
2.602036694965351060e+00,3.025934008215969140e+00,2.665051112199732231e-01,4.985999034865581159e+00
-3.006192814377626199e-01,1.301488399716559385e+00,-1.974143833912423540e+00,-1.211231079473728212e+00
1.252475061047948479e+00,7.283165047287865068e-01,9.853845808723165067e-01,-1.308151366254847625e+00
2.578699156408190696e+00,2.486605482679219215e+00,8.669709786868098345e-01,8.196373138570250960e-01
-9.209214762512446528e-02,-5.305946514550634596e-01,4.890349519608290230e-01,-9.320730037364844955e-01
-2.264394254167553022e+00,1.898368730919681724e-01,-3.554792074895090082e+00,-1.807815282929579492e+00
-3.396567075357553644e+00,-8.420336374951329361e-01,-4.005900643933240524e+00,2.495484145347467653e+00
3.363033726041203764e+00,2.380110466722156648e+00,2.146221514298596755e+00,-3.536878731125703279e+00
-1.042920046642574983e+00,4.580970584567243264e-01,-2.073520678936918493e+00,8.762294395821919324e-02
2.050401891924600317e+00,1.505766618780457922e+00,1.244211907747282186e+00,1.900615183947151454e+00
2.311446644398710060e+00,2.562887557871460054e+00,3.840067559350610615e-01,-5.460907901986371965e-02
5.745937460877070357e+00,5.604875306323627626e+00,1.856313145465642744e+00,1.218276241814354011e+00
-1.255239098876396175e-01,5.409707583255412011e-01,-8.214020396010475178e-01,-2.206416731443366253e+00
2.048214992210889207e+00,9.705869479686290990e-01,1.870911069563706564e+00,2.749752838296369628e+00
3.358450354858478093e+00,2.527412739467487679e+00,1.966100976001884160e+00,-4.825153092370849106e-01
5.211296161956048500e+00,3.288350421091645437e+00,3.796348286264750627e+00,1.588529359243654238e+00
5.612728003220095019e+00,3.678084216465904444e+00,3.928206165154318086e+00,5.342533020229668361e-01
5.079902892721204211e+00,3.946704149873667689e+00,2.828149357083997728e+00,-9.776988435725482152e-01
4.833839869880247164e+00,2.655575450845141905e+00,3.985826974850378512e+00,6.035837996389319393e-01
5.043406722446135859e+00,5.307307806079649026e+00,1.173000610654334253e+00,2.525168206854364161e+00
2.801011730048044601e+00,3.633884093365160162e+00,-1.563337738721468639e-01,1.137966158370550707e+00
8.587128669290224892e-01,8.719724976992671017e-01,2.370004196955386444e-01,-1.556743940256040681e-01
-1.768880829939237787e+00,1.285896719896769014e+00,-4.115881465265097461e+00,7.623167697655555131e-01
2.744252565353349382e+00,2.008583305440011735e+00,1.673172292440895159e+00,1.790076628152230898e+00
2.794928975642601010e+00,2.620558254879179039e+00,1.027420852897230841e+00,1.905749094405877697e+00
2.582462830086470706e+00,1.914521726699021542e+00,1.545861354865019965e+00,1.766219554294317984e+00
5.100756090250943231e+00,3.164185578240161778e+00,3.779867364336797042e+00,-8.632406254360968090e-01
-1.303630082613463692e+00,1.307589541912528741e+00,-3.456942829545663898e+00,8.275981949029964646e-01
-5.873380114215441594e+00,-1.614876936556360221e+00,-6.740108160949858984e+00,-2.089618388042067121e+00
-2.318061855018340722e-01,2.524806493097550231e+00,-3.312775130909516363e+00,-2.206733212347747219e+00
2.338485338668393698e+00,1.344781275499657092e+00,1.857519693759404511e+00,-3.657928822096803145e-01
4.705825932358673747e-01,1.663901154538336868e+00,-1.266127201350716103e+00,-1.355430739504212223e+00
-1.721180602901680068e+00,7.419014435403359364e-01,-3.405412809245925487e+00,1.676981548903283770e+00
3.071656132773310954e+00,1.956873892585880625e+00,2.215707564899602744e+00,3.892149104744854204e-01
3.440296061938261651e-01,3.156783424815823746e+00,-3.209460898279258956e+00,2.048125051622924797e+00
2.143473628573614675e+00,1.338195659168734508e+00,1.578372125522141456e+00,-3.232621216873175829e+00
3.477154665458063398e+00,1.853144823879274483e+00,2.934363352814775006e+00,-1.384841959747711959e+00
-3.437632053438327784e+00,-4.085389016533786943e-01,-4.576546391514738410e+00,3.345144773675406746e+00
2.398102641481265174e+00,1.442689740749896199e+00,1.829987878306617022e+00,4.023193117456785872e-01
2.340539068814160295e+00,1.715338297356474584e+00,1.424388557717495729e+00,2.279757122258090796e+00
4.397044116548208592e+00,2.739443641710401778e+00,3.244503705020849171e+00,-1.655180441297439353e+00
1.087684088856725850e+00,1.758338957743067921e+00,-4.694097153596370475e-01,-2.843621333483687508e+00
-1.804885978324047846e+00,-2.726825577343463536e-01,-2.334374799451930826e+00,-1.678419334678012742e+00
-1.408460952068050220e+00,1.762703829128556610e+00,-4.146846832810368255e+00,1.927758233589819348e+00
2.551040760483370917e+00,1.355373585274425530e+00,2.157761413562975683e+00,2.329478708914342722e+00
-2.838955091253863472e+00,7.782678037386636660e-01,-5.092673536879049223e+00,-1.115381553154120159e-01
1.593638268238881217e+00,1.025762283923977058e+00,1.137200670333037511e+00,3.086487056544378049e+00
2.233633171173265985e+00,3.512986984120548328e+00,-8.487563539146147917e-01,-1.163361827897287482e+00
3.591954279172345110e+00,3.620087349804209875e+00,1.023530740362870173e+00,-1.471059885179533122e+00
3.261282199554390360e+00,1.884353379927873551e+00,2.580041233752096375e+00,-6.986335922363949846e-01
-2.512308167986429197e+00,1.463434114269935638e+00,-5.418567967983284106e+00,-2.881751114432309357e-01
-1.077952536262339667e+00,4.390277571938610013e-01,-2.102615145633445870e+00,3.840982329800631812e-01
7.380927986137793440e+00,4.664989602969037641e+00,5.367955298474841541e+00,-9.141925131725436859e-01
3.724178442900107910e+00,1.995899635931615013e+00,3.129756774671309749e+00,-2.876555956634733402e+00
5.744649986577243794e-01,2.385241160694378859e+00,-1.962327320598600489e+00,-2.224521226974006394e-01
-1.455613583945152723e+00,1.095899612999833739e+00,-3.431376176865814642e+00,-5.898993565840555675e-01
1.317663039853578688e+00,2.662554627290629305e+00,-1.195346145245465452e+00,5.636231473825649430e-02
5.129541975073077964e+00,3.078118704186531662e+00,3.923519147518037542e+00,1.401043262263627631e-01
2.792029501388769930e+00,2.053803464377793819e+00,1.690236191007594702e+00,-5.836225378310881950e-01
1.805616014751415754e+00,3.063718355205543364e+00,-9.496526246531820092e-01,-4.495308037853670835e-01
3.045583996843097552e+00,1.884271881760150480e+00,2.262804468946531866e+00,-1.854706268381148160e+00
3.093722768121646816e+00,1.864845374901269670e+00,2.356491032615604109e+00,4.158741535081578872e-02
3.004686377495628946e+00,2.231123226405157034e+00,1.794385832960013749e+00,-5.502981010127250966e-02
3.535091891099033212e+00,3.034930826414284688e+00,1.628615651154108335e+00,1.077511984892738361e+00
5.700742589079778710e+00,4.449263920398873751e+00,3.149999235716703261e+00,-6.741719422360786806e-01
-3.718571478792491725e-01,1.949205825610606180e+00,-2.841323705584301251e+00,6.196414204540550141e-01
-1.919989402216706331e+00,3.698204008755883176e-01,-3.259951643854539505e+00,-1.409975561181824322e-01
2.645216334561872440e+00,1.521318263566977969e+00,2.100991427336622586e+00,1.173387602950549446e+00
3.830899372105043721e+00,3.339950438516465780e+00,1.704790379944556289e+00,2.981452273699904065e+00
2.935992900092859514e+00,1.992541737733864338e+00,1.974139670971429172e+00,-1.065401679323822792e+00
3.583476785099181106e-01,2.201967154903192725e-01,2.680212798403238672e-01,-1.844820368997005078e+00
6.511817716162878744e-01,5.912923038229256356e-02,8.884148440545063252e-01,-1.949058609341282944e+00
7.121545176922958298e+00,5.535238578224607409e+00,3.962054968567477076e+00,1.015671512579247482e+00
-9.933448922556760152e-01,8.598581804654101823e-01,-2.473466658505116378e+00,6.400829813153324777e-02
2.933556395047200560e+00,1.511907845661420335e+00,2.536270212411308123e+00,2.634230134679730551e+00
4.469866786610417364e+00,3.544444899545276417e+00,2.404138002723363865e+00,8.576330006611458945e-01
5.387086909517515565e-01,3.340030239372534293e+00,-3.138736225995290674e+00,1.855680256162474340e+00
2.604582543739772937e+00,1.368824009629872052e+00,2.220700061435149752e+00,7.345746268026812631e-01
9.631345130753306005e-01,1.066831922909005526e+00,1.612711365859524903e-01,-7.407359409682404139e-02
-3.564528104858094348e+00,2.927835678528964980e-01,-5.588704079281532344e+00,-2.739605959158155635e+00
4.598231102553032912e+00,2.749054463482220712e+00,3.529175543923227742e+00,1.386211214526288149e+00
1.923180268025118211e+00,1.657335014157041986e+00,8.786460906662201253e-01,1.230734968026106824e+00
2.680988327834284313e+00,3.241768257662035246e+00,1.286168792561479535e-01,-3.061969834599111498e-02
4.349963108895014585e+00,2.790954075591543848e+00,3.114609927462329786e+00,8.471981311869221098e-01
1.741372511874426543e+00,1.184855947679875898e+00,1.167289348988268749e+00,-2.748970292553837291e-01
1.343622256834545947e+00,3.134651019923119897e+00,-1.712821549334844651e+00,1.073019687140807088e+00
5.534974153247016027e+00,6.072857250661242823e+00,9.951228586808786858e-01,5.347846281438058957e-01
1.953100334325949206e+00,1.233400655960373626e+00,1.421642829851759160e+00,-1.009549842456434865e+00
4.113562697883024200e+00,2.138152910085076908e+00,3.535179596536474289e+00,1.742594594914488315e+00
-1.962066949027782892e+00,4.795089897257420741e-01,-3.450961166771465471e+00,4.254315347212329901e-02
4.005228178826918395e+00,2.579675047339117455e+00,2.856119279945253275e+00,1.599883803884100120e+00
2.641679075117307818e+00,2.270550843028875221e+00,1.213926663660344740e+00,-1.456005882458268896e+00
3.522362066996358010e+00,2.526905292955358817e+00,2.207843256498873696e+00,9.375485121500475305e-01
-5.037857762029825714e+00,-3.776432798873448071e-01,-6.967144587192636962e+00,-1.128495197314777210e+00
5.230730134830009703e+00,3.300729084384034451e+00,3.810369402652736159e+00,-4.243709798017189172e+00
4.706247840788185144e+00,5.022253638068610471e+00,1.012490479776118502e+00,2.371408309325993891e+00
1.427175548818025108e+00,4.697375039203932623e-01,1.546754239095417649e+00,1.532160556769380566e+00
-1.714996646729538998e+00,1.170564838865882917e+00,-3.900859895390016874e+00,2.079809374792152887e+00
5.796468199987659276e+00,3.405069963876560912e+00,4.519865500126034163e+00,-7.444135521421060275e-01
-8.313614149043128121e-01,6.035020853616546166e-01,-1.933422519931386585e+00,-8.749166006468208634e-01
4.131052425828373842e+00,3.486537659286454982e+00,1.973836158877730895e+00,1.015982653825087345e+00
3.669488176436572768e+00,3.383600765055844395e+00,1.415946851817561303e+00,-1.355489941049702995e+00
1.321102423109421498e+00,9.423928043191809323e-01,8.343765415809831776e-01,1.357110210548065909e-01
2.351315659107447331e+00,2.877295906038903173e+00,7.259706848533697965e-02,-3.987471285142910826e+00
2.107303458530430385e-01,-2.793280686036561100e-01,6.387984085002722523e-01,-1.469183153596098412e+00
2.642944773152053450e+00,1.763362026114371428e+00,1.812759487507510148e+00,-2.361370539821574799e-01
7.232721576593320600e-01,1.427367860909933839e+00,-6.159691302412262370e-01,-6.049393729762566618e-01
3.386421119255431655e+00,2.368248276386520690e+00,2.194590795816838469e+00,-3.661265793712913830e+00
1.972282964139860706e+00,3.007249857947166483e+00,-6.379896655352714774e-01,9.493964657599055501e-01
3.039389964960406587e+00,1.965905781899839333e+00,2.157607250702459289e+00,6.487185634432059977e-01
-2.022944585318538380e+00,1.475106417607540132e+00,-4.712360470774603627e+00,2.426195399958366750e+00
-6.224691338174801469e-01,1.922581653354397124e+00,-3.178683997733429134e+00,1.073305505054572340e+00
6.149601966936955044e-01,2.110434106909216734e+00,-1.579298202817629004e+00,4.026774495053246028e+00
-3.411556840178575634e-01,1.928551600022869961e+00,-2.771845658032270343e+00,-1.219024404318566290e+00
3.817698823745847125e+00,4.393733111723806317e+00,4.450479294585050205e-01,1.484190744018613950e+00
-3.279639966053837785e-01,2.080539287526915082e+00,-2.931330557636825151e+00,-2.662465907115556085e+00
5.283938600333641489e+00,3.898015185153415718e+00,3.185632143514304904e+00,-1.996770878376582958e+00
3.358597704032836972e+00,2.890277521386629189e+00,1.539219105004796084e+00,-1.870877404089190676e+00
3.332262159738465623e+00,4.271175955842345218e+00,-1.248687809154618300e-01,1.131019291263088311e+00
2.790203827078628240e+00,1.615706549259411817e+00,2.203198560395041916e+00,1.261623369109555082e+00
1.741746081655931810e+00,1.570577076069267664e+00,7.138379429345085292e-01,2.453866447768615178e+00
-4.729814995506111508e+00,-1.084014083187193833e+00,-5.682543973376252389e+00,-1.219565808638764404e+00
1.067683535039978815e-01,7.423253615564378016e-01,-7.166545025894892618e-01,-2.340226052118719036e+00
-4.449197635213469226e+00,-5.320671139269874672e-01,-5.919354901152796167e+00,1.416217353377180910e+00
3.114993078951937555e+00,1.696993343643095731e+00,2.585348653567650867e+00,-9.292345945967861454e-01
3.674265119729641094e-01,5.694018761941548323e-01,-1.296430650554829533e-01,2.562032723470225815e+00
4.600963284297139744e+00,3.184613076818870958e+00,3.020534446511877302e+00,-4.529681976996638437e-01
3.498799688629088855e+00,2.218027868435193284e+00,2.536733077073386244e+00,1.418903634278078973e+00
1.446079761827780086e+00,2.170333178067874513e+00,-4.270670846220829819e-01,-1.338145477319833132e+00
2.143365873376822606e+00,1.366005648462303323e+00,1.545480718695344091e+00,-7.340556781666446318e-01
1.220534290590612914e+00,1.340190480124436423e+00,2.182065532677950337e-01,5.975058167313724855e-01
4.440538196651050207e+00,4.603882903795554427e+00,1.114011734189688241e+00,-2.487726470782570143e+00
4.205912291049545004e-01,3.384367196187014315e+00,-3.364694692647804075e+00,3.002667303910973473e+00
2.521066131607644145e+00,7.931223452732758528e-01,2.775443335426630131e+00,-1.287099664634923979e+00
-2.039750459927780035e+00,1.725342583924609485e-01,-3.203933233099564681e+00,-1.796935963582074525e+00
9.120863542818094416e+00,8.130317092492814979e+00,3.848972868696454164e+00,1.115620612703724479e+00
5.061923270680662723e-01,1.499696731494908786e+00,-1.020466891119864439e+00,1.437906621330133472e+00
3.309433267239084930e+00,4.239113332160258096e+00,-1.207160733019487786e-01,-5.805490883773026800e-01
5.603074848253517537e+00,3.553750942272306812e+00,4.060347149794594657e+00,1.027815699317830012e+00
3.180830973063204503e-01,1.209662218119808008e+00,-9.558349460664692376e-01,7.771572090619282003e-01
2.444073698763773006e+00,1.919854530886866639e+00,1.335988062297162049e+00,-1.245298723468903912e+00
-4.159389121668953138e+00,3.287544487369578050e-01,-6.506195096640259301e+00,-2.093821965363879212e+00
-3.865141867711319179e+00,-1.223735453337759793e-03,-5.684911447935823148e+00,1.635532598400574189e+00
9.834680452708689513e-01,1.610161217901657782e+00,-4.483231707720625181e-01,2.391607368283065194e-01
-2.076402647794470813e+00,-1.995348568708013026e-01,-2.819923183784300402e+00,1.132998497942143273e-01
5.237913676307885069e+00,3.848856212953853717e+00,3.175781841693134488e+00,8.566141944152971810e-01
1.143648880755415043e+00,3.041848012718189054e-01,1.324491733203526866e+00,1.102970752080935091e+00
7.749317950388889820e-01,4.122753669249701325e-01,6.548148190596749796e-01,-1.070656371907845461e+00
2.042519779309992956e+00,2.248730100750117700e+00,3.581338918174572505e-01,4.290298255546776574e+00
1.914705667243248755e+00,7.866717212861702446e-01,1.890965370764403186e+00,-5.178099474081546694e-01
1.167375640850362384e+00,7.712577815129739722e-01,8.096446150188789659e-01,-4.469319647437042797e-01
-1.426834154388179066e+00,7.426958619468173595e-01,-2.973308779496779408e+00,-1.701040908418600228e+00
-3.867791840838388229e+00,-2.748894799604588712e-01,-5.366700347086671208e+00,3.423416960284686894e+00
1.983616547120379714e+00,1.455286532064145710e+00,1.205374092635318917e+00,3.887686031546720433e-01
4.346626704963856724e+00,4.414553650232433846e+00,1.198694318745727738e+00,-4.071607202047235474e-01
8.482714231652266346e-01,2.774283991848019770e+00,-2.017417194149975668e+00,1.112460018801319839e+00
3.210891973535493271e+00,2.128146205460024198e+00,2.218958993715575367e+00,-2.812634927343667712e+00
-5.267948349748246883e+00,-2.292824167041622729e-01,-7.480274703121610358e+00,-7.456663041835339678e-01
4.280406545505613281e+00,2.742695748776414533e+00,3.069080074720551998e+00,3.708185132668376571e+00
